id,url,thumbnail_url,type,is_public,title,alt_text,mime_type,file_size,sort_order,created_at,updated_at,medium_url
0b4b5c70-09b7-4643-9bee-61584fd5eac0,https://sgp1.vultrobjects.com/threefive/6909c946-eb9d-4719-848c-ca37be0ec126-0212027_0035.webp,https://sgp1.vultrobjects.com/threefive/thumb-6909c946-eb9d-4719-848c-ca37be0ec126-0212027_0035.webp,image,false,012027_0035.JPG,0212027_0035.JPG,image/webp,868177,0,2025-06-30 15:19:29.410125+00,2025-06-30 15:19:29.410125+00,https://sgp1.vultrobjects.com/threefive/medium-6909c946-eb9d-4719-848c-ca37be0ec126-0212027_0035.webp
115d6594-a133-4889-9b1a-f8bb390014a4,https://sgp1.vultrobjects.com/threefive/3f2c6672-4f6f-4dbd-b777-2dbcc23ba09e-0212573_0029.webp,https://sgp1.vultrobjects.com/threefive/thumb-3f2c6672-4f6f-4dbd-b777-2dbcc23ba09e-0212573_0029.webp,image,false,0212573_0029.JPG,0212573_0029.JPG,image/webp,405182,0,2025-07-01 14:22:24.588497+00,2025-07-01 14:22:24.588497+00,https://sgp1.vultrobjects.com/threefive/medium-3f2c6672-4f6f-4dbd-b777-2dbcc23ba09e-0212573_0029.webp
1436981b-eb78-4008-810a-adb1b9b913ed,https://sgp1.vultrobjects.com/threefive/727eac4c-5b4b-486e-a7e8-545fc08a58d3-att.VU-iGoWIVuxeYGKWWKWMNSG3307ue8wt7lgyYFBIL7c.webp,https://sgp1.vultrobjects.com/threefive/thumb-727eac4c-5b4b-486e-a7e8-545fc08a58d3-att.VU-iGoWIVuxeYGKWWKWMNSG3307ue8wt7lgyYFBIL7c.webp,image,false,012101.jpg,,image/webp,2711918,0,2025-06-11 10:18:45.683492+00,2025-06-11 10:18:45.683492+00,https://sgp1.vultrobjects.com/threefive/medium-727eac4c-5b4b-486e-a7e8-545fc08a58d3-att.VU-iGoWIVuxeYGKWWKWMNSG3307ue8wt7lgyYFBIL7c.webp
24c37891-07f1-4313-908f-26bc2eb4f5c3,https://sgp1.vultrobjects.com/threefive/61c6f87f-b7a9-470f-b7c2-d081bbbfe719-2eb20e6c3c03ebbc82b1c88b60b419df.webp,https://sgp1.vultrobjects.com/threefive/thumb-61c6f87f-b7a9-470f-b7c2-d081bbbfe719-2eb20e6c3c03ebbc82b1c88b60b419df.webp,image,false,2eb20e6c3c03ebbc82b1c88b60b419df.jpg,,image/webp,10845,0,2025-06-12 08:07:49.890788+00,2025-06-12 08:07:49.890788+00,https://sgp1.vultrobjects.com/threefive/medium-61c6f87f-b7a9-470f-b7c2-d081bbbfe719-2eb20e6c3c03ebbc82b1c88b60b419df.webp
3a553eb2-f812-4ac0-b64a-07f43f652e69,https://sgp1.vultrobjects.com/threefive/e5146625-990c-4d94-bfc4-81df85170189-0212027_0034.webp,https://sgp1.vultrobjects.com/threefive/thumb-e5146625-990c-4d94-bfc4-81df85170189-0212027_0034.webp,image,false,0212027_0034.JPG,0212027_0034.JPG,image/webp,721725,0,2025-06-30 15:19:43.711688+00,2025-06-30 15:19:43.711688+00,https://sgp1.vultrobjects.com/threefive/medium-e5146625-990c-4d94-bfc4-81df85170189-0212027_0034.webp
52d5317d-1b72-4fbe-87e5-5948bf76983a,https://sgp1.vultrobjects.com/threefive/0c195c12-dbe9-464a-b272-46445b20b3ed-0212027_0033.webp,https://sgp1.vultrobjects.com/threefive/thumb-0c195c12-dbe9-464a-b272-46445b20b3ed-0212027_0033.webp,image,false,0212027_0033.JPG,0212027_0033.JPG,image/webp,933886,0,2025-06-30 15:19:59.943283+00,2025-06-30 15:19:59.943283+00,https://sgp1.vultrobjects.com/threefive/medium-0c195c12-dbe9-464a-b272-46445b20b3ed-0212027_0033.webp
76d002ac-46af-403b-9cb8-266ea76a411c,https://sgp1.vultrobjects.com/threefive/7cbadfe6-2132-4124-add9-2b65e9166a5a-0212027_0033.webp,https://sgp1.vultrobjects.com/threefive/thumb-7cbadfe6-2132-4124-add9-2b65e9166a5a-0212027_0033.webp,image,false,0212027_0033.JPG,0212027_0033.JPG,image/webp,933886,0,2025-06-30 15:21:15.22851+00,2025-06-30 15:21:15.22851+00,https://sgp1.vultrobjects.com/threefive/medium-7cbadfe6-2132-4124-add9-2b65e9166a5a-0212027_0033.webp
7fd1cfcc-dfca-410d-b5e5-865e4a60d53f,https://sgp1.vultrobjects.com/threefive/4b51300b-b398-4402-b119-1de136cf8254-0212027_0036.webp,https://sgp1.vultrobjects.com/threefive/thumb-4b51300b-b398-4402-b119-1de136cf8254-0212027_0036.webp,image,false,0212027_0036.JPG,0212027_0036.JPG,image/webp,908971,0,2025-06-30 15:19:14.446815+00,2025-06-30 15:19:14.446815+00,https://sgp1.vultrobjects.com/threefive/medium-4b51300b-b398-4402-b119-1de136cf8254-0212027_0036.webp
88370bce-8315-4709-b235-8d1a3f33332a,https://sgp1.vultrobjects.com/threefive/c6e479ba-7129-44f1-86e4-17ce92dff397-0212027_0034.webp,https://sgp1.vultrobjects.com/threefive/thumb-c6e479ba-7129-44f1-86e4-17ce92dff397-0212027_0034.webp,image,false,0212027_0034.JPG,0212027_0034.JPG,image/webp,721725,0,2025-06-30 15:20:57.560738+00,2025-06-30 15:20:57.560738+00,https://sgp1.vultrobjects.com/threefive/medium-c6e479ba-7129-44f1-86e4-17ce92dff397-0212027_0034.webp
b2559121-929d-4389-8f1e-d7b6ffa2c984,https://sgp1.vultrobjects.com/threefive/2a8f8ea1-d1c0-4575-a139-f41d9da2c3eb-0212573_0030.webp,https://sgp1.vultrobjects.com/threefive/thumb-2a8f8ea1-d1c0-4575-a139-f41d9da2c3eb-0212573_0030.webp,image,false,0212573_0030.JPG,0212573_0030.JPG,image/webp,589465,0,2025-07-01 14:22:12.474251+00,2025-07-01 14:22:12.474251+00,https://sgp1.vultrobjects.com/threefive/medium-2a8f8ea1-d1c0-4575-a139-f41d9da2c3eb-0212573_0030.webp
b9af5424-79eb-4eca-9f09-6ad421cf5227,https://sgp1.vultrobjects.com/threefive/cc95a52a-7b7b-44fb-ac89-9e7e463d3f37-0212027_0035.webp,https://sgp1.vultrobjects.com/threefive/thumb-cc95a52a-7b7b-44fb-ac89-9e7e463d3f37-0212027_0035.webp,image,false,0212027_0035.JPG,0212027_0035.JPG,image/webp,868177,0,2025-06-30 15:20:42.56507+00,2025-06-30 15:20:42.56507+00,https://sgp1.vultrobjects.com/threefive/medium-cc95a52a-7b7b-44fb-ac89-9e7e463d3f37-0212027_0035.webp
cfddf394-7aca-45da-9a31-66c771f01ab8,https://sgp1.vultrobjects.com/threefive/ef24651d-c6fd-4eca-952c-59304ae9c063-0212573_0031.webp,https://sgp1.vultrobjects.com/threefive/thumb-ef24651d-c6fd-4eca-952c-59304ae9c063-0212573_0031.webp,image,false,0212573_0031.JPG,0212573_0031.JPG,image/webp,626346,0,2025-07-01 14:21:59.787846+00,2025-07-01 14:21:59.787846+00,https://sgp1.vultrobjects.com/threefive/medium-ef24651d-c6fd-4eca-952c-59304ae9c063-0212573_0031.webp
d8b56d35-d1c1-4d68-9e23-0d96615b979e,https://sgp1.vultrobjects.com/threefive/6f4feb0e-af80-45eb-b322-2025fe06ebbf-0212027_0036.webp,https://sgp1.vultrobjects.com/threefive/thumb-6f4feb0e-af80-45eb-b322-2025fe06ebbf-0212027_0036.webp,image,false,0112027_0036.JPG,0212027_0036.JPG,image/webp,908971,0,2025-06-30 15:20:27.512731+00,2025-06-30 15:20:27.512731+00,https://sgp1.vultrobjects.com/threefive/medium-6f4feb0e-af80-45eb-b322-2025fe06ebbf-0212027_0036.webp
fc92380b-c764-4659-a4c2-fdbb10535560,https://sgp1.vultrobjects.com/threefive/24c39531-b31b-4e69-8e94-76d0dfea46c0-503473ed839a4f00ad276fa75dd4a0df.webp,https://sgp1.vultrobjects.com/threefive/thumb-24c39531-b31b-4e69-8e94-76d0dfea46c0-503473ed839a4f00ad276fa75dd4a0df.webp,image,false,01010101Rocks1,This is Alt Text,image/webp,31326,0,2025-06-12 08:07:48.798148+00,2025-06-12 08:07:48.798148+00,https://sgp1.vultrobjects.com/threefive/medium-24c39531-b31b-4e69-8e94-76d0dfea46c0-503473ed839a4f00ad276fa75dd4a0df.webp
ff5b3082-1e57-4da7-b45d-115c1cb95db1,https://sgp1.vultrobjects.com/threefive/b1ccb819-47e4-4539-b4cb-eb972914fab6-angelo_1.1.3.webp,https://sgp1.vultrobjects.com/threefive/thumb-b1ccb819-47e4-4539-b4cb-eb972914fab6-angelo_1.1.3.webp,image,false,0101angelo_1.1.3.jpg,angelo_1.1.3.jpg,image/webp,987658,0,2025-06-13 17:49:30.583864+00,2025-06-13 17:49:30.583864+00,https://sgp1.vultrobjects.com/threefive/medium-b1ccb819-47e4-4539-b4cb-eb972914fab6-angelo_1.1.3.webp